"country_name","country_code","year","gdp_growth","household","gdp_deflator","unemployment","gini","cost_variable","cost_variable_lo80","cost_variable_hi80"
"Australia","AUS",2009,-0.185790579384147,-1.74304403127405,69.8487011354613,5.565,36.0779981114259,0.10320153733879,NA,NA
"Australia","AUS",2010,0.642043486475501,1.91237738403022,70.6545962360798,5.214,34.7,0.0382291622870051,NA,NA
"Australia","AUS",2011,0.993946506952952,2.6166333123731,75.0365778184492,5.083,36.0779981114259,0.0305959801057996,NA,NA
"Australia","AUS",2012,2.11825529215481,1.09991848904531,76.3915124953233,5.225,36.0779981114259,0.024716401155003,NA,NA
"Australia","AUS",2013,0.851364693358519,0.179061844661277,76.2665355596392,5.663,36.0779981114259,0.0501359906313482,NA,NA
"Australia","AUS",2014,1.07636325622693,0.771746117273779,77.3383824121069,6.078,34.4,0.0972505115076475,NA,NA
"Australia","AUS",2015,0.729964314626955,1.18189609736596,76.8559003624732,6.055,36.0779981114259,0.217192574665242,NA,NA
"Australia","AUS",2016,1.16681538734224,1.08405577033042,76.3462246030873,5.711,33.7,0.37808551198401,NA,NA
"Australia","AUS",2017,0.609016553617764,0.776238178719439,79.1352929841212,5.592,36.0779981114259,0.455500878179378,NA,NA
"Australia","AUS",2018,1.35086613147908,1.3019557415378,80.6143433133086,5.3,34.3,0.574121894593295,NA,NA
"Australia","AUS",2019,0.673067165560809,0.159343802184452,83.4102120722393,5.159,36.0779981114259,0.695361329120172,NA,NA
"Australia","AUS",2020,-1.34397743292375,-4.45755496667553,84.9829126135317,6.456,36.0779981114259,0.266276091703628,NA,NA
"Australia","AUS",2021,1.96739983729857,0.768532599080388,87.6003437115981,5.116,36.0779981114259,0.018642823118193,NA,NA
"Australia","AUS",2022,2.92410064137691,2.9677599054418,93.886135821569,3.728,36.0779981114259,0.000179826811098365,NA,NA
"Australia","AUS",2023,0.941014568468176,3.74784752068342,100,3.668,36.0779981114259,0.688179194145731,NA,NA
"Australia","AUS",2024,0.967629988175737,0,106.113864178431,4.54466288879621,35.5971986150454,0.65646939484175,0.196734012564235,1.11620477711927
"Australia","AUS",2025,0.967629988175737,0,112.227728356862,5.27163360135453,35.5971986150454,0.776415697944579,0.209660310736251,1.34317108515291
"Australia","AUS",2026,0.967629988175737,0,118.341592535293,5.27163360135453,35.5971986150454,0.887391489829248,0.244714820527342,1.53006815913116
"Australia","AUS",2027,0.967629988175737,0,124.455456713724,5.27163360135453,35.5971986150454,0.998367281713917,0.275960232286477,1.72077433114136
"Australia","AUS",2028,0.967629988175737,0,130.569320892155,5.27163360135453,35.5971986150454,1.10934307359859,0.304527815093838,1.91415833210333
"Brazil","BRA",2009,-1.0163236214624,3.52502840711466,92.2310653168394,9.419,53.7,0.514816587818799,NA,NA
"Brazil","BRA",2010,6.62782994932327,5.33985230918942,100,7.86132422293676,36.0779981114259,0.243991154534748,NA,NA
"Brazil","BRA",2011,3.13169854409105,3.96889394291762,108.31859221882,7.578,52.9,0.23693090346241,NA,NA
"Brazil","BRA",2012,1.09733293821196,2.66285023235442,116.922475499848,7.251,53.4,0.506987361222172,NA,NA
"Brazil","BRA",2013,2.17333080532316,2.63578831041353,125.696998127234,7.071,52.7,0.387944987017487,NA,NA
"Brazil","BRA",2014,-0.303163572499983,1.42917541273282,135.560076726606,6.755,52,0.484987055484773,NA,NA
"Brazil","BRA",2015,-4.30639755912077,-3.97972351288857,145.816789378239,8.538,51.9,1.14114473291976,NA,NA
"Brazil","BRA",2016,-4.01012719354725,-4.56714902411049,157.633205078013,11.58,53.4,1.44814364306674,NA,NA
"Brazil","BRA",2017,0.587668928736335,1.23800850709337,163.4205261562,12.792,53.3,0.893381981268157,NA,NA
"Brazil","BRA",2018,1.09040860447158,1.66867851157568,170.763883603534,12.33,53.9,0.734119468062102,NA,NA
"Brazil","BRA",2019,0.562970837578547,1.92860179848053,177.977392101691,11.936,53.5,0.691004235202581,NA,NA
"Brazil","BRA",2020,-3.83550546659214,-5.11550177551992,189.496978107014,13.697,48.9,0.426238649337683,NA,NA
"Brazil","BRA",2021,4.3179316171849,2.52061363201059,214.221162145944,13.159,52.9,0.041742754537182,NA,NA
"Brazil","BRA",2022,2.64631532411505,3.77098363725541,232.580519745323,9.231,52,0.0173175881648889,NA,NA
"Brazil","BRA",2023,2.50184181305286,2.71469342743865,243.416433970024,7.947,36.0779981114259,0.356825836260124,NA,NA
"Brazil","BRA",2024,0,0,254.252348194724,7.947,50.4437330815234,0.372857745935271,-0.192633179641734,0.938348671512276
"Brazil","BRA",2025,0,0,265.088262419425,7.947,50.4437330815234,0.348251002013091,-0.235492271388925,0.931994275415106
"Brazil","BRA",2026,0,0,275.924176644126,7.947,50.4437330815234,0.323644258090911,-0.279425885347685,0.926714401529507
"Brazil","BRA",2027,0,0,286.760090868827,7.947,50.4437330815234,0.299037514168731,-0.324334086808393,0.922409115145855
"Brazil","BRA",2028,0,0,297.596005093527,7.947,50.4437330815234,0.27443077024655,-0.370124793095589,0.91898633358869
"Canada","CAN",2009,-4.02008812114738,-1.05416963797194,90.4930128371262,8.46,34,1.21670751893383,NA,NA
"Canada","CAN",2010,1.95144747592553,2.44094540406898,93.0708309767074,8.178,33.6,0.931671933843942,NA,NA
"Canada","CAN",2011,2.13607713967458,1.28473381385629,96.090472369214,7.637,32.7,0.835445080801017,NA,NA
"Canada","CAN",2012,0.658841990369126,0.797871813687621,97.2612806831953,7.392,33.5,1.15246327688951,NA,NA
"Canada","CAN",2013,1.25359012904651,1.55244184161903,98.9543446636502,7.143,33.8,1.26726626033639,NA,NA
"Canada","CAN",2014,1.8484095174269,1.55599894706305,100.87524539044,7.023,33.2,1.43816036357056,NA,NA
"Canada","CAN",2015,-0.112369172949158,1.54589364349238,100,6.945,33.7,1.73465090416834,NA,NA
"Canada","CAN",2016,-0.0982963525159874,0.955441965486543,100.716978140661,7.038,32.7,1.85508490896259,NA,NA
"Canada","CAN",2017,1.80946446279282,2.4475166484709,103.306426407978,6.426,33.3,1.62382390265925,NA,NA
"Canada","CAN",2018,1.28092657904244,1.18113103754136,105.012137614296,5.837,32.5,1.677835871814,NA,NA
"Canada","CAN",2019,0.42965758108582,0.109855275410496,106.6356995625,5.69,31.7,2.00938007218972,NA,NA
"Canada","CAN",2020,-6.06240642959015,-7.26845578716544,107.777565582849,9.657,36.0779981114259,2.47996207162038,NA,NA
"Canada","CAN",2021,4.70538205187351,4.5340564475492,116.038570940455,7.527,36.0779981114259,2.403945065784,NA,NA
"Canada","CAN",2022,1.95567065895641,3.19588144724091,124.919954205826,5.28,36.0779981114259,2.15337427649803,NA,NA
"Canada","CAN",2023,-1.67686294923784,-1.22300037052332,126.837113376493,5.415,36.0779981114259,2.84335192700559,NA,NA
"Canada","CAN",2024,0,0,128.496148112233,7.0432,36.0779981114259,3.584606072529,3.07249027392528,4.09672187113272
"Canada","CAN",2025,0,0,130.978483945507,7.0432,36.0779981114259,3.86463835133175,3.28450048706613,4.44477621559737
"Canada","CAN",2026,0,0,133.460819778782,7.0432,36.0779981114259,4.1446706301345,3.49193243320577,4.79740882706322
"Canada","CAN",2027,0,0,135.943155612056,7.0432,36.0779981114259,4.42470290893725,3.6961535093048,5.15325230856969
"Canada","CAN",2028,0,0,138.42549144533,7.0432,36.0779981114259,4.70473518774,3.89806848861342,5.51140188686657
"China","CHN",2009,8.8559476757714,9.4457199538718,73.6081313487489,4.3,36.0779981114259,2.84120916663711,NA,NA
"China","CHN",2010,10.1028326225249,11.0610268253916,78.6733867642347,4.1,43.7,1.86171286491526,NA,NA
"China","CHN",2011,8.95381604174548,14.4199589704314,85.0268012388491,4.1,42.4,1.71334880090681,NA,NA
"China","CHN",2012,7.13452377743971,8.46700010568988,87.0089609734799,4.1,42.2,2.04922491238402,NA,NA
"China","CHN",2013,7.05073413400802,8.14030516001982,88.8912867556837,4.05,39.7,2.65759658507375,NA,NA
"China","CHN",2014,6.75076031581014,8.5083910751967,89.8078125350432,4.1,39.2,4.40073980760635,NA,NA
"China","CHN",2015,6.42073647731185,8.07291390175806,89.8051685089376,7.86132422293676,38.6,6.58943330303836,NA,NA
"China","CHN",2016,6.23821544767784,8.31450646110842,91.0690379802766,7.86132422293676,38.5,6.1103780719868,NA,NA
"China","CHN",2017,6.30186310056631,8.87411357249077,94.9237007358773,3.9,39.1,5.02805995243821,NA,NA
"China","CHN",2018,6.25170055571749,7.81599867291543,98.2457907080735,4.93,38.5,3.30955280063331,NA,NA
"China","CHN",2019,5.57531686294317,6.05558025944022,99.5099196976254,5.15,38.2,3.46496865712666,NA,NA
"China","CHN",2020,1.99555804192106,-2.73241634204767,100,5.61,37.1,3.55076173037942,NA,NA
"China","CHN",2021,8.35171995394172,12.1277956061191,104.552326578976,5.11,35.7,0.896451994856047,NA,NA
"China","CHN",2022,2.96415683733213,0.856243712912246,106.459023424007,7.86132422293676,36.0779981114259,0.664167296967659,NA,NA
"China","CHN",2023,5.35885786336085,1.69755781986673,105.839012678404,7.86132422293676,36.0779981114259,2.14993178711545,NA,NA
"China","CHN",2024,3.6648957869217,7.26920260258469,108.141218487665,7.86132422293676,36.0779981114259,5.62369592486339,2.3751422626717,8.87224958705507
"China","CHN",2025,4.86316959447617,1.37175471442961,110.443424296926,7.86132422293676,36.0779981114259,1.20602188438945,-1.78926994283841,4.20131371161732
"China","CHN",2026,4.01553543675679,3.95049458093785,112.745630106186,7.86132422293676,36.0779981114259,3.06024118014172,0.284483234383016,5.83599912590043
"China","CHN",2027,4.61513434378705,4.78513186530667,115.047835915447,7.86132422293676,36.0779981114259,2.37792181764379,-0.515264841070769,5.27110847635835
"China","CHN",2028,4.19099045336244,2.51118418287385,117.350041724708,7.86132422293676,36.0779981114259,1.54936283380389,-1.44836849177958,4.54709415938736
"France","FRA",2009,-3.32212441195946,-0.208780837762106,94.6958679576458,9.122,32.7,1.19418169493702,NA,NA
"France","FRA",2010,1.49872462854756,1.38255520518406,95.7275287359368,9.279,33.7,0.886240034118063,NA,NA
"France","FRA",2011,1.94433508557432,0.133194509237072,96.5426279010849,9.228,33.3,0.684115705018576,NA,NA
"France","FRA",2012,-0.299598723254917,-0.90364498951412,97.5872644084421,9.841,33.1,0.988372026786892,NA,NA
"France","FRA",2013,0.262144549420668,-0.00864742131234664,98.3170959503878,9.913,32.5,2.0443069748728,NA,NA
"France","FRA",2014,0.519383755439208,0.3420563934271,98.8782850807923,10.273,32.3,2.46454170478908,NA,NA
"France","FRA",2015,0.708030577451083,1.11883110157744,100,10.354,32.7,3.21399809375918,NA,NA
"France","FRA",2016,0.594243758963955,1.51166866578805,100.517258225639,10.057,31.9,3.50803541656957,NA,NA
"France","FRA",2017,1.7877954845162,1.1845962747817,101.10663430108,9.41,31.6,3.10092463882569,NA,NA
"France","FRA",2018,1.28216604237026,0.620803200992782,102.233562080931,9.018,32.4,3.22631690735712,NA,NA
"France","FRA",2019,1.68870845332556,1.43078230323445,103.471122936494,8.415,31.2,3.25333341916791,NA,NA
"France","FRA",2020,-7.74056754340876,-6.91769392736434,106.552470954946,8.01,30.7,2.67871162355923,NA,NA
"France","FRA",2021,6.50155222975816,4.76242984208078,107.85434621083,7.874,31.5,1.68184230836934,NA,NA
"France","FRA",2022,2.23598928786784,1.96314202261274,111.3279379829,7.308,36.0779981114259,0.757547547668529,NA,NA
"France","FRA",2023,0.607649186397026,0.226443958932919,117.232295054567,7.335,36.0779981114259,2.23100678847632,NA,NA
"France","FRA",2024,0,0,123.136652126235,7.0179100738696,33.2502770075884,4.30924992047042,3.05728321105865,5.56121662988219
"France","FRA",2025,0,0,129.041009197902,6.90047929995577,32.7863512007856,5.61425453052063,4.09667957002678,7.13182949101447
"France","FRA",2026,0,0,134.94536626957,6.66719573862633,32.7863512007856,6.60005474191127,4.81959560250572,8.38051388131682
"France","FRA",2027,0,0,140.849723341237,6.5011360846558,32.7863512007856,7.64953793893635,5.57812655482845,9.72094932304425
"France","FRA",2028,0,0,146.754080412904,6.29606956843009,32.7863512007856,8.66206890354538,6.29506115316236,11.0290766539284
"Germany","DEU",2009,-5.30552818338693,0.167456026725546,91.5246029073585,7.88,30.5,2.77922902184831,NA,NA
"Germany","DEU",2010,4.30644105317714,0.864769462771648,92.1492569997405,7.043,30.2,1.97089004864537,NA,NA
"Germany","DEU",2011,5.69928313639005,3.75447884941855,93.2844758387769,5.967,30.6,2.32546020860731,NA,NA
"Germany","DEU",2012,0.285850062294074,1.31015825658176,94.6203808159846,5.372,31.1,2.74037384548668,NA,NA
"Germany","DEU",2013,0.11264382474991,0.0883181763423124,96.5080873318083,5.316,31.5,2.9055037801453,NA,NA
"Germany","DEU",2014,1.7444639725766,0.630299044174848,98.3425370605946,4.98,30.8,4.01524230663166,NA,NA
"Germany","DEU",2015,0.776507656994639,1.05813833688858,100,4.612,31.7,4.31418083669191,NA,NA
"Germany","DEU",2016,1.4722926294875,1.61641364834388,101.256258623712,4.104,31.4,4.95794132003523,NA,NA
"Germany","DEU",2017,2.33286593357245,1.03715554461749,102.742689558581,3.781,31.3,5.50847651834364,NA,NA
"Germany","DEU",2018,0.813017363676465,1.19700696554219,104.659184117047,3.384,31.9,4.78009979003554,NA,NA
"Germany","DEU",2019,0.76040219441613,1.35485553851665,106.76908828018,3.163,31.8,4.75242747142411,NA,NA
"Germany","DEU",2020,-4.17345320848187,-5.9301283837565,108.642934862269,3.881,32.4,4.1894664761014,NA,NA
"Germany","DEU",2021,3.6261286867131,1.45432133907542,111.688119611717,3.594,36.0779981114259,3.04469675057474,NA,NA
"Germany","DEU",2022,0.641609123670904,3.17112363773195,118.491999722624,3.12,36.0779981114259,1.60383427169536,NA,NA
"Germany","DEU",2023,0.353884463349871,-0.106411199562189,125.770864360606,3.068,36.0779981114259,4.15407858431409,NA,NA
"Germany","DEU",2024,0,0,133.049728998588,3.016,36.0779981114259,4.04775304433885,2.00439351706583,6.09111257161187
"Germany","DEU",2025,0,0,140.32859363657,2.964,36.0779981114259,4.50215320098156,1.76562598514894,7.23868041681418
"Germany","DEU",2026,0,0,147.607458274552,2.912,36.0779981114259,4.95655335762427,1.46171337111718,8.45139334413136
"Germany","DEU",2027,0,0,154.886322912534,2.86,36.0779981114259,5.41095351426698,1.12711246415949,9.69479456437448
"Germany","DEU",2028,0,0,162.165187550516,2.808,36.0779981114259,5.86535367090969,0.776076311904357,10.954631029915
"India","IND",2009,6.31340985793889,3.49337276060386,83.2092750021032,7.86132422293676,34.9,0.727273580688208,NA,NA
"India","IND",2010,6.93079780415253,5.17928535833907,91.9679089631846,3.115,36.0779981114259,0.878120634357165,NA,NA
"India","IND",2011,3.76074153145865,5.91073271488168,99.9999988608487,7.86132422293676,35.4,0.577198011835984,NA,NA
"India","IND",2012,4.01726735836323,4.03153919380179,107.934386248394,3.222,36.0779981114259,0.479881383905072,NA,NA
"India","IND",2013,4.97769997302639,5.88263029800001,114.611751371927,7.86132422293676,36.0779981114259,0.875507128476211,NA,NA
"India","IND",2014,6.06398074162718,5.06034759131005,118.430336326026,7.86132422293676,36.0779981114259,0.678618353107256,NA,NA
"India","IND",2015,6.71566734640226,6.64833269673993,121.130060189769,7.86132422293676,34.7,1.41022453099757,NA,NA
"India","IND",2016,6.97394690929247,6.84926063874795,125.052221196612,7.86132422293676,34.7,2.38944032543396,NA,NA
"India","IND",2017,5.561185034605,5.01104183422309,130.015866407506,7.86132422293676,35.9,1.99338782784362,NA,NA
"India","IND",2018,5.29211971914722,5.92087765118583,135.065995050452,7.652,34.5,1.57095836923979,NA,NA
"India","IND",2019,2.79675759965889,4.08069870228027,138.315030740154,6.51,33.8,1.32538118218363,NA,NA
"India","IND",2020,-6.69047102833747,-6.20693452373237,144.974702950823,7.859,33.8,1.88910627131494,NA,NA
"India","IND",2021,8.79093447676263,10.7618170259252,157.087205592193,6.38,32.8,0.577467886898286,NA,NA
"India","IND",2022,6.1449586075554,5.93026290281332,167.68668534159,4.822,36.0779981114259,0.141091848921071,NA,NA
"India","IND",2023,7.20183939103344,3.1113266847085,169.923710666797,4.172,36.0779981114259,1.38969360930033,NA,NA
"India","IND",2024,4.99005568817911,4.77763943532188,171.731518323593,6.58408463737038,35.1311992445695,1.29811889090236,0.267321973884061,2.32891580792066
"India","IND",2025,4.99005568817911,4.77763943532188,177.752310395144,6.58408463737038,35.1311992445695,1.32117994637779,0.263320867284152,2.37903902547144
"India","IND",2026,4.99005568817911,4.77763943532188,183.773102466694,6.58408463737038,35.1311992445695,1.34424100185323,0.256710925062202,2.43177107864426
"India","IND",2027,4.99005568817911,4.77763943532188,189.793894538245,6.58408463737038,35.1311992445695,1.36730205732867,0.247699541143934,2.4869045735134
"India","IND",2028,4.99005568817911,4.77763943532188,195.814686609796,6.58408463737038,35.1311992445695,1.3903631128041,0.236486945190308,2.5442392804179
"Indonesia","IDN",2009,3.31160021271401,3.53877693242728,86.7571359930573,6.106,33.4,0.0129266429854562,NA,NA
"Indonesia","IDN",2010,4.89326246908787,3.42774070959115,100,5.614,34.6,0.00284589614076989,NA,NA
"Indonesia","IDN",2011,4.82294276512758,3.72725595241815,107.465943033675,5.153,37.9,0.188449998840758,NA,NA
"Indonesia","IDN",2012,4.67540374198676,4.16802604459612,111.500084236182,4.468,37.1,0.106199477147354,NA,NA
"Indonesia","IDN",2013,4.25603923226443,4.17765908519536,117.03716759416,4.336,38.9,0.092078873569835,NA,NA
"Indonesia","IDN",2014,3.77968595157438,4.05350554253769,123.407704913933,4.049,38.8,0.0657301286566684,NA,NA
"Indonesia","IDN",2015,3.70583428895539,3.67139521320736,128.319631030817,4.514,38.2,0.0329222094802593,NA,NA
"Indonesia","IDN",2016,3.91054275495577,3.92188626778849,131.449249420225,4.301,36.9,0.0779838514583554,NA,NA
"Indonesia","IDN",2017,4.00109865179923,3.9138450719628,137.091942591614,3.783,36.4,0.0368868612288825,NA,NA
"Indonesia","IDN",2018,4.15930013909383,4.12226077694847,142.326556547384,4.387,36.3,0.0376547887536313,NA,NA
"Indonesia","IDN",2019,4.0413041818536,4.18139882869643,144.601630186014,3.59,35.4,0.179742108800529,NA,NA
"Indonesia","IDN",2020,-2.89423403981894,-3.48973990695649,144.020835663022,4.255,35.3,0.0772745446571444,NA,NA
"Indonesia","IDN",2021,2.97476192227879,1.28943158025598,152.667808069412,3.827,35.5,0.0810984290462423,NA,NA
"Indonesia","IDN",2022,4.52469623632904,4.1754420845516,167.273059180925,3.462,35.5,0.00720761443055504,NA,NA
"Indonesia","IDN",2023,4.16662016188742,4.05107378855763,169.837478413828,3.308,36.1,0.428454907257084,NA,NA
"Indonesia","IDN",2024,3.62192391133954,3.26199719811853,175.771788586815,3.308,36.0686518822454,0.171030447274742,-0.0285283971296328,0.370589291679118
"Indonesia","IDN",2025,3.62192391133954,3.26199719811853,181.706098759803,3.308,36.0459338998725,0.178322367377494,-0.0360416584955573,0.392686393250545
"Indonesia","IDN",2026,3.62192391133954,3.26199719811853,187.640408932791,3.308,36.0294701770059,0.185642062088542,-0.0474995382547912,0.418783662431874
"Indonesia","IDN",2027,3.62192391133954,3.26199719811853,193.574719105779,3.308,36.0175389162902,0.192981885059494,-0.0620643881186806,0.448028158237669
"Indonesia","IDN",2028,3.62192391133954,3.26199719811853,199.509029278766,3.308,36.008892331103,0.200336294981322,-0.0790246920835114,0.479697282046156
"Italy","ITA",2009,-5.73561512284574,-1.94956403846103,93.4299276954845,7.749,33.8,1.97598974351513,NA,NA
"Italy","ITA",2010,1.21729094320378,0.73994749167025,93.9884888746792,8.363,34.7,1.43522111792544,NA,NA
"Italy","ITA",2011,0.522437618412042,-0.107164922289996,95.6133465825048,8.359,35.1,1.57706161705223,NA,NA
"Italy","ITA",2012,-3.38600463395791,-3.97397021608383,97.2410489256814,10.655,35.2,1.89444830169351,NA,NA
"Italy","ITA",2013,-2.94962896394237,-3.56851040488999,98.335773084625,12.149,34.9,1.9756048328976,NA,NA
"Italy","ITA",2014,-0.914682836793602,-0.740247940779625,99.2233033239242,12.683,34.7,2.42735147523285,NA,NA
"Italy","ITA",2015,0.982944211578541,1.93035308608029,100,11.896,35.4,2.48122605081513,NA,NA
"Italy","ITA",2016,1.40835149300574,1.41908653445138,101.248171819512,11.688,35.2,2.89163040473183,NA,NA
"Italy","ITA",2017,1.75607853572014,1.69092745566546,101.96685333569,11.211,35.9,3.15713425506222,NA,NA
"Italy","ITA",2018,1.01846372174721,1.1257437175223,103.058491635675,10.61,35.2,3.10254753006084,NA,NA
"Italy","ITA",2019,1.59384095751969,1.3690070779584,104.137521157959,9.952,34.6,3.29996019329084,NA,NA
"Italy","ITA",2020,-8.42323992779932,-9.97401865594357,105.780189306805,9.164,35.2,3.7386902726104,NA,NA
"Italy","ITA",2021,9.49416104245226,6.01349145180725,107.137689654704,9.497,34.8,2.75233546788482,NA,NA
"Italy","ITA",2022,4.87370861625361,5.11340602273052,110.951964329247,8.069,36.0779981114259,1.84394853666793,NA,NA
"Italy","ITA",2023,0.732099290773135,1.25047901040456,117.407986125245,7.627,36.0779981114259,3.59719581447194,NA,NA
"Italy","ITA",2024,0,0,125.434852131379,7.81213641906233,36.0779981114259,4.65429712567418,3.50582217670276,5.8027720746456
"Italy","ITA",2025,0,0,134.395778597911,7.97132159330265,36.0779981114259,5.74848705764274,4.29804372576312,7.19893038952237
"Italy","ITA",2026,0,0,143.91211911381,8.10819320303919,36.0779981114259,6.90556197401515,5.07908014761074,8.73204380041956
"Italy","ITA",2027,0,0,153.758721726558,8.2258790217172,36.0779981114259,8.09912229208297,5.85406149288105,10.3441830912849
"Italy","ITA",2028,0,0,163.801705854573,8.32706839140879,36.0779981114259,9.3135974101668,6.62548215705537,12.0017126632782
"Japan","JPN",2009,-5.68145234031182,-0.902714743332638,100.890389273876,5.068,36.0779981114259,0.117273045264217,NA,NA
"Japan","JPN",2010,4.07922304843274,2.3120866782584,98.9929013993449,5.103,32.1,0.026165997766721,NA,NA
"Japan","JPN",2011,0.209251802819637,-0.340062077110204,97.3871570967524,4.55,36.0779981114259,0.00501654303992479,NA,NA
"Japan","JPN",2012,1.53678665884595,2.19164634864657,96.6508195026135,4.358,36.0779981114259,0.188528578466996,NA,NA
"Japan","JPN",2013,2.15237106564643,2.75427110549123,96.3083131084904,4.038,32.9,0.0472852016625348,NA,NA
"Japan","JPN",2014,0.429381122520397,-0.775008012977736,97.9323551711803,3.589,36.0779981114259,0.0863281848934449,NA,NA
"Japan","JPN",2015,1.66846511711745,-0.110830891252846,100,3.385,36.0779981114259,0.678260248972916,NA,NA
"Japan","JPN",2016,0.805362824616168,-0.375742116199376,100.419944376057,3.132,36.0779981114259,1.67730066509618,NA,NA
"Japan","JPN",2017,1.75861180161441,1.13516676176792,100.345282645769,2.822,36.0779981114259,1.55588209197387,NA,NA
"Japan","JPN",2018,0.771168471432347,0.358036331721735,100.345044319313,2.467,36.0779981114259,2.03982605880236,NA,NA
"Japan","JPN",2019,-0.262170828589063,-0.484020592419483,100.982037837271,2.351,36.0779981114259,3.04374123512668,NA,NA
"Japan","JPN",2020,-3.86470966963243,-4.16392948876688,101.932732930346,2.809,36.0779981114259,3.56471574392292,NA,NA
"Japan","JPN",2021,3.0321308280439,1.24765648346587,101.7389989412,2.828,36.0779981114259,2.86973448425185,NA,NA
"Japan","JPN",2022,1.40382237505176,2.60904458654937,102.078786724951,2.6,36.0779981114259,1.13449623925287,NA,NA
"Japan","JPN",2023,2.17578291223812,1.69755781986673,105.950653311074,2.6,36.0779981114259,2.32269777233854,NA,NA
"Japan","JPN",2024,0,0,109.822519897198,2.42371428571443,35.6009316965691,3.83611972995658,2.40455229968716,5.26768716022599
"Japan","JPN",2025,0,0,113.694386483322,2.24742857142887,35.6009316965691,4.6027100838635,2.80606781673591,6.39935235099109
"Japan","JPN",2026,0,0,117.566253069445,2.0711428571433,35.6009316965691,5.36930043777042,3.17074492831979,7.56785594722105
"Japan","JPN",2027,0,0,121.438119655569,1.89485714285773,35.6009316965691,6.13589079167734,3.51547975832261,8.75630182503207
"Japan","JPN",2028,0,0,125.309986241693,1.71857142857216,35.6009316965691,6.90248114558427,3.8485252842785,9.95643700689003
"Korea, Rep.","KOR",2009,0.275268980329585,-0.29634551951537,90.2392582062032,3.363,36.0779981114259,0.0537363411295877,NA,NA
"Korea, Rep.","KOR",2010,6.27401988865388,3.87261406510055,92.7095550455693,3.324,32,0.0412287319614124,NA,NA
"Korea, Rep.","KOR",2011,2.89141199434026,2.15879326857016,93.897965276328,2.992,36.0779981114259,0.0230489575582521,NA,NA
"Korea, Rep.","KOR",2012,1.86559949596563,1.12122568531399,95.073387676775,2.812,31.6,0.0634390899789167,NA,NA
"Korea, Rep.","KOR",2013,2.69615096128955,1.27405565420587,96.0417517772106,2.747,36.0779981114259,0.293924189208374,NA,NA
"Korea, Rep.","KOR",2014,2.55621950883497,1.35558316259234,96.9127513033126,3.082,31.2,0.381615523223911,NA,NA
"Korea, Rep.","KOR",2015,2.26842940068582,1.67259628335263,100,3.546,36.0779981114259,0.617481370462559,NA,NA
"Korea, Rep.","KOR",2016,2.5391447288435,2.18604760519239,101.986038505453,3.65,35.2,1.19068655121676,NA,NA
"Korea, Rep.","KOR",2017,2.87019696151147,2.48671111458324,104.252965181111,3.653,34.9,1.47563037101332,NA,NA
"Korea, Rep.","KOR",2018,2.46224621613314,2.73406924596655,104.756453816308,3.824,33.7,1.55890100649131,NA,NA
"Korea, Rep.","KOR",2019,1.8889146004307,1.75792938753636,103.877206387507,3.746,33.2,1.62536452209374,NA,NA
"Korea, Rep.","KOR",2020,-0.846212237799236,-4.95375774588403,105.501582937275,3.931,32.7,1.77644564823051,NA,NA
"Korea, Rep.","KOR",2021,4.43912129317819,3.71052789363455,108.416519870982,3.639,32.9,0.77747330577013,NA,NA
"Korea, Rep.","KOR",2022,2.80523762871836,4.32524611672518,109.799397055981,2.857,36.0779981114259,0.284398404817474,NA,NA
"Korea, Rep.","KOR",2023,1.2782352431086,1.72004417706459,112.065737820634,2.675,36.0779981114259,0.387303302042591,NA,NA
"Korea, Rep.","KOR",2024,2.41759897761519,1.6750226929626,113.624772078808,3.08380408833661,33.2287770069164,0.955521183031027,0.411397817787376,1.49964454827468
"Korea, Rep.","KOR",2025,2.41759897761519,1.6750226929626,115.183806336982,3.27187450845188,34.6424896252183,1.17541642400588,0.630370725303937,1.72046212270782
"Korea, Rep.","KOR",2026,2.41759897761519,1.6750226929626,116.742840595155,3.29680553257131,33.9410405997345,1.2795725224838,0.720504652474274,1.83864039249333
"Korea, Rep.","KOR",2027,2.41759897761519,1.6750226929626,118.301874853329,3.29680553257131,34.2890821528637,1.32933208380364,0.750925361091932,1.90773880651534
"Korea, Rep.","KOR",2028,2.41759897761519,1.6750226929626,119.860909111503,3.29680553257131,34.116392594102,1.39301691583509,0.795198881436806,1.99083495023338
"Mexico","MEX",2009,-7.65517173118076,-8.48076589538532,66.5570155902349,5.356,36.0779981114259,0.58727984581436,NA,NA
"Mexico","MEX",2010,3.47084287436401,3.14072358032166,69.467530188026,5.303,47.7,0.385097490315096,NA,NA
"Mexico","MEX",2011,1.99026327799889,3.19528766609163,73.4060846718906,5.175,36.0779981114259,0.268955213472622,NA,NA
"Mexico","MEX",2012,2.1573183045698,0.775724179633514,76.7403468150886,4.892,49.6,0.381492001223926,NA,NA
"Mexico","MEX",2013,-0.447810738278491,1.25412473505541,78.0479123747548,4.921,36.0779981114259,0.624517831229985,NA,NA
"Mexico","MEX",2014,1.27091420531951,0.753339369874979,81.4573331162764,4.819,48.9,0.526544426647947,NA,NA
"Mexico","MEX",2015,1.60971010585429,1.5940558337369,84.0846815017105,4.311,36.0779981114259,1.17732971140467,NA,NA
"Mexico","MEX",2016,0.790955216102532,0.943243298942448,89.1950018656993,3.853,46.9,1.35842769790818,NA,NA
"Mexico","MEX",2017,0.923425358691205,0.77619925790691,95.0529682857042,3.419,36.0779981114259,1.28022204890691,NA,NA
"Mexico","MEX",2018,1.01136622522375,0.507172335161414,99.9999999917275,3.275,46,1.19967204651994,NA,NA
"Mexico","MEX",2019,-1.33462178518992,-0.0559247676987127,104.319010220043,3.477,36.0779981114259,1.47256310201428,NA,NA
"Mexico","MEX",2020,-9.10287152203078,-10.5705842791082,109.138329544957,4.441,44.6,1.17709178903391,NA,NA
"Mexico","MEX",2021,5.34306677677003,7.69536304950975,114.036428056835,4.019,36.0779981114259,0.220611546698176,NA,NA
"Mexico","MEX",2022,2.91114396091503,4.1270429972718,121.445593742262,3.256,43.5,0.1779639778091,NA,NA
"Mexico","MEX",2023,2.30380690084846,4.09279648155673,126.861962386401,2.765,36.0779981114259,0.254276170148295,NA,NA
"Mexico","MEX",2024,0,0,132.27833103054,2.765,46.3354774840925,0.873492336635455,0.229396678401317,1.51758799486959
"Mexico","MEX",2025,0,0,137.69469967468,2.765,36.8095210290656,0.721581142174774,-0.04083330466021,1.48399558900976
"Mexico","MEX",2026,0,0,143.111068318819,2.765,45.6561238918386,0.606938929474549,-0.106345640015896,1.32022349896499
"Mexico","MEX",2027,0,0,148.527436962958,2.765,37.4404258061808,0.457685611601709,-0.405683929970484,1.3210551531739
"Mexico","MEX",2028,0,0,153.943805607098,2.765,45.0702127517117,0.340575071574785,-0.483661243089959,1.16481138623953
"Netherlands","NLD",2009,-4.15945317716339,-2.38866129663666,95.4689443064491,4.352,27.9,3.25118211218824,NA,NA
"Netherlands","NLD",2010,0.80096056386742,-0.407080506283307,96.1470343424963,4.991,27.8,3.96502048829155,NA,NA
"Netherlands","NLD",2011,1.2997503818178,-0.39613321410782,96.380340693022,4.977,27.8,4.88513924009274,NA,NA
"Netherlands","NLD",2012,-1.34363618765711,-1.50625576993419,97.661360478841,5.821,27.6,4.68349944388948,NA,NA
"Netherlands","NLD",2013,-0.324530075080872,-1.25565249083472,98.7795120872966,7.241,28.1,4.96876928450483,NA,NA
"Netherlands","NLD",2014,1.24763630941074,0.0142543952764953,99.1193906554079,7.419,28.6,5.75499144055616,NA,NA
"Netherlands","NLD",2015,1.66898775580411,1.5260492053531,100,6.872,28.2,7.71711947401791,NA,NA
"Netherlands","NLD",2016,1.88065318086923,0.582925538231422,100.565543724908,6.007,28.2,6.72914767290409,NA,NA
"Netherlands","NLD",2017,2.17569082152127,1.52903169127887,102.013010908974,4.837,28.5,6.99052644824277,NA,NA
"Netherlands","NLD",2018,1.66335745924515,1.56949446065491,104.597411455706,3.832,28.1,5.8700323650717,NA,NA
"Netherlands","NLD",2019,1.6321429332089,0.223147774674558,107.76449941146,3.379,29.2,5.96120608389124,NA,NA
"Netherlands","NLD",2020,-4.40052542748734,-6.8797254036779,110.303140356938,3.82,26,5.80970915371255,NA,NA
"Netherlands","NLD",2021,5.72193529072887,3.79454533486741,113.33354622489,4.209,25.7,6.54506404179359,NA,NA
"Netherlands","NLD",2022,4.01097884810504,5.54223455872238,120.309877578834,3.526,36.0779981114259,5.19852428230947,NA,NA
"Netherlands","NLD",2023,-0.911427833032306,-0.576499229202838,129.145125412554,3.537,36.0779981114259,6.00072777320523,NA,NA
"Netherlands","NLD",2024,0,0,137.980373246275,3.537,28.9237330815234,8.10537599204414,5.20882991401704,11.0019220700712
"Netherlands","NLD",2025,0,0,146.815621079995,3.537,28.9237330815234,8.96077174122054,5.45988842455808,12.461655057883
"Netherlands","NLD",2026,0,0,155.650868913715,3.537,28.9237330815234,9.81616749039694,5.68265907789926,13.9496759028946
"Netherlands","NLD",2027,0,0,164.486116747435,3.537,28.9237330815234,10.6715632395733,5.88835275078604,15.4547737283606
"Netherlands","NLD",2028,0,0,173.321364581155,3.537,28.9237330815234,11.5269589887497,6.08308019248208,16.9708377850174
"Russian Federation","RUS",2009,-7.8277499767233,-5.15732518198175,51.7395261889436,8.301,36.0779981114259,0.526604011632855,NA,NA
"Russian Federation","RUS",2010,4.45309639834757,5.39478949138206,59.0819390408053,7.407,36.0779981114259,0.347065671520151,NA,NA
"Russian Federation","RUS",2011,4.17697624368184,6.56766178759864,73.5334321773968,6.571,36.0779981114259,0.389451428932108,NA,NA
"Russian Federation","RUS",2012,3.76271915500016,7.25528084104703,80.0836935611151,5.484,36.0779981114259,0.694807017649296,NA,NA
"Russian Federation","RUS",2013,1.45314767875932,4.77360382309466,84.344257272697,5.513,36.0779981114259,0.857498745851019,NA,NA
"Russian Federation","RUS",2014,-1.12194041744186,0.186806833997849,90.6617021254988,5.212,36.9,0.916975509120051,NA,NA
"Russian Federation","RUS",2015,-2.2762114110788,-9.71075341833098,97.2344360981971,5.615,36.5,0.672853587624337,NA,NA
"Russian Federation","RUS",2016,-0.0904862004782103,-2.81385798206855,100,5.591,36.7,0.277303311911181,NA,NA
"Russian Federation","RUS",2017,1.61387325924203,3.48661665524934,105.349815087676,5.238,35.5,0.266783148537771,NA,NA
"Russian Federation","RUS",2018,2.71659271660542,4.12879117861999,115.882665065733,4.871,35.3,0.530567552581181,NA,NA
"Russian Federation","RUS",2019,2.14202624717367,3.69638231850922,119.664070340812,4.513,35.7,0.496333672438133,NA,NA
"Russian Federation","RUS",2020,-2.52680431743222,-5.77135619543233,120.738948098629,5.62,33.7,0.0776679943755484,NA,NA
"Russian Federation","RUS",2021,5.96554013311996,10.3026313258827,144.176296540821,4.749,35.1,0.187274576510516,NA,NA
"Russian Federation","RUS",2022,-1.73318663190568,-1.07533600875826,168.275759638082,3.867,36.0779981114259,0.641758892482376,NA,NA
"Russian Federation","RUS",2023,3.89361804941168,6.77727225957689,180.178916407102,3.076,36.0779981114259,0.000783613011333552,NA,NA
"Russian Federation","RUS",2024,0,0,189.827524260199,2.70278571428033,35.8630657853321,0.36660347018656,0.0265406835941523,0.706666256778968
"Russian Federation","RUS",2025,0,0,198.744196155979,2.32957142856066,35.8630657853321,0.378303330195328,0.0264830594431737,0.730123600947483
"Russian Federation","RUS",2026,0,0,207.660868051759,1.95635714284098,35.8630657853321,0.390003190204097,0.0252270802947017,0.754779300113493
"Russian Federation","RUS",2027,0,0,216.577539947539,1.58314285712131,35.8630657853321,0.401703050212866,0.0228956833751432,0.780510417050589
"Russian Federation","RUS",2028,0,0,225.494211843319,1.20992857140164,35.8630657853321,0.413402910221634,0.0196038049130867,0.807202015530182
"Saudi Arabia","SAU",2009,-4.865009272712,4.73410653849345,73.5205026610813,5.377,36.0779981114259,1.07893051565828,NA,NA
"Saudi Arabia","SAU",2010,6.0871811469132,4.89363818235151,86.1596275405502,5.55,36.0779981114259,1.21006730411086,NA,NA
"Saudi Arabia","SAU",2011,6.06873021607983,-2.74659964355902,99.438638751446,7.86132422293676,36.0779981114259,1.39458773625451,NA,NA
"Saudi Arabia","SAU",2012,1.07075362713177,7.0521822257593,103.42835116549,5.622,36.0779981114259,0.405439559332306,NA,NA
"Saudi Arabia","SAU",2013,-2.8664215278357,-1.56862119200437,102.505151889248,5.6,36.0779981114259,0.141590515264647,NA,NA
"Saudi Arabia","SAU",2014,1.29850944727794,4.82012504501721,100.410557157873,5.877,36.0779981114259,0.333721072252128,NA,NA
"Saudi Arabia","SAU",2015,-0.773491431905967,2.99579183016962,83.9061271845071,5.6,36.0779981114259,0.0200702794443465,NA,NA
"Saudi Arabia","SAU",2016,-1.86058268144498,-1.05217478339996,81.9255644803343,5.6,36.0779981114259,0.00569318196206342,NA,NA
"Saudi Arabia","SAU",2017,0.83561299770318,4.65643204268864,87.1584094481062,5.89,36.0779981114259,0.0680052616885342,NA,NA
"Saudi Arabia","SAU",2018,5.86863606476054,5.46477550401167,99.999993101687,6.029,36.0779981114259,0.310560531559095,NA,NA
"Saudi Arabia","SAU",2019,1.54324065179922,6.94128078256939,97.977252902887,5.636,36.0779981114259,0.13111430365921,NA,NA
"Saudi Arabia","SAU",2020,-8.13075233111495,-12.3528537759265,88.9784653120787,7.66,36.0779981114259,0.112736645211849,NA,NA
"Saudi Arabia","SAU",2021,7.69692769433404,12.2455776011255,100.813224184035,6.621,36.0779981114259,0.0319078957115443,NA,NA
"Saudi Arabia","SAU",2022,2.83967898892131,0.356665459595874,118.943419540491,5.589,36.0779981114259,0.721606935859591,NA,NA
"Saudi Arabia","SAU",2023,-4.00418422046917,1.87186005086089,115.416881943782,4.008,36.0779981114259,2.17260623692134,NA,NA
"Saudi Arabia","SAU",2024,0,4.04868550797608,115.416881943782,5.90135494819578,36.0779981114259,0.52433258324932,-0.554765536282114,1.60343070278076
"Saudi Arabia","SAU",2025,0,1.35521092443488,115.416881943782,5.90135494819578,36.0779981114259,0.695143269528204,-0.339539310595989,1.7298258496524
"Saudi Arabia","SAU",2026,0,2.78510164405984,115.416881943782,5.90135494819578,36.0779981114259,0.604464628409625,-0.448933030396546,1.6578622872158
"Saudi Arabia","SAU",2027,0,2.74826897077841,115.416881943782,5.90135494819578,36.0779981114259,0.606800427024222,-0.445974177901088,1.65957503194953
"Saudi Arabia","SAU",2028,0,2.11025343013871,115.416881943782,5.90135494819578,36.0779981114259,0.647261128981165,-0.39589182790705,1.69041408586938
"Spain","ESP",2009,-4.61672963153606,-4.44284772708255,99.2921254969552,17.857,34.9,0.00308783483558817,NA,NA
"Spain","ESP",2010,-0.365660084975488,-0.0917009577959646,99.5828902995881,19.86,35.2,0.00430922192104053,NA,NA
"Spain","ESP",2011,-0.992358659284491,-2.80794037643635,99.4375403907726,21.391,35.7,0.0058373956776448,NA,NA
"Spain","ESP",2012,-2.92815896424602,-3.38102365860267,99.2357269246416,24.789,35.4,0.00400083747289042,NA,NA
"Spain","ESP",2013,-1.10380029407226,-2.56882854202142,99.6705530471624,26.094,36.2,3.37990631512864,NA,NA
"Spain","ESP",2014,1.82443659616266,1.99382226195381,99.4505933097734,24.441,36.1,3.37199068519302,NA,NA
"Spain","ESP",2015,4.14163766960375,3.02744925663678,100,22.057,36.2,3.75288894449476,NA,NA
"Spain","ESP",2016,2.82830127836169,2.60685752004541,100.372182498533,19.635,35.8,4.48547533454318,NA,NA
"Spain","ESP",2017,2.65494329776269,2.78259744863874,101.634808663111,17.224,34.7,4.10736743685988,NA,NA
"Spain","ESP",2018,1.94791740493265,1.25032841453969,102.841574384349,15.255,34.7,3.759905823945,NA,NA
"Spain","ESP",2019,1.23200702842887,0.358878697971818,104.310842353138,14.105,34.3,4.00516754322576,NA,NA
"Spain","ESP",2020,-11.3740694030146,-12.6867608374896,105.493638191694,15.532,34.9,2.23042056880642,NA,NA
"Spain","ESP",2021,6.57033396471437,6.95080065818713,108.190174141823,14.781,33.9,1.79146314214791,NA,NA
"Spain","ESP",2022,5.41600552197859,3.95394434375478,113.287959027236,12.917,36.0779981114259,2.26569587627471,NA,NA
"Spain","ESP",2023,1.42527469236005,0.538321516063149,120.351780523097,12.179,36.0779981114259,5.06951945939192,NA,NA
"Spain","ESP",2024,0,0,128.522787393973,11.441,35.3437330815234,3.68876583459216,-1.27522326825301,8.65275493743734
"Spain","ESP",2025,0,0,137.317312386604,10.703,35.3437330815234,3.90182062275868,-2.62423817667506,10.4278794221924
"Spain","ESP",2026,0,0,146.462975370152,9.96499999999999,35.3437330815234,4.11968876255217,-4.17776081182273,12.4171383369271
"Spain","ESP",2027,0,0,155.80638383112,9.22699999999999,35.3437330815234,4.34026757034537,-5.84300208462852,14.5235372253193
"Spain","ESP",2028,0,0,165.261153850366,8.48899999999998,35.3437330815234,4.56237290717158,-7.57157177560135,16.6963175899445
"Switzerland","CHE",2009,-3.51055886020198,0.291500288358179,101.67363054717,4.109,32.9,6.25020276209322,NA,NA
"Switzerland","CHE",2010,2.17363816396787,0.817826839137098,101.991601176268,4.808,32.6,9.54087459341279,NA,NA
"Switzerland","CHE",2011,0.687339869637952,0.290673269474368,101.970740919032,4.409,31.7,10.1124788569609,NA,NA
"Switzerland","CHE",2012,0.110596604306124,1.12105144339037,102.035716943489,4.491,31.6,6.14927880559553,NA,NA
"Switzerland","CHE",2013,0.628360675437008,1.09029593088754,101.947106432709,4.747,32.5,5.94645223263783,NA,NA
"Switzerland","CHE",2014,1.10869359440046,-0.233672894244705,101.281265613495,4.826,32.5,7.20346249356169,NA,NA
"Switzerland","CHE",2015,0.494129822392765,1.30062392715902,100,4.801,32.3,8.30051154258393,NA,NA
"Switzerland","CHE",2016,0.960131673178253,0.530541768561577,99.416708408416,4.918,33,8.76584754430946,NA,NA
"Switzerland","CHE",2017,0.421326163056477,0.213507631218903,99.0509849418118,4.797,32.7,8.98480654478861,NA,NA
"Switzerland","CHE",2018,2.10552472012415,-0.0763370553404741,99.8080209194182,4.713,33.1,9.06218985702749,NA,NA
"Switzerland","CHE",2019,0.423089768227314,0.494108245405371,99.7043252183795,4.394,34,9.25428746526939,NA,NA
"Switzerland","CHE",2020,-2.85415832226442,-4.06955558463815,99.007204917118,4.817,33.7,8.55561162027504,NA,NA
"Switzerland","CHE",2021,4.5881921178937,1.02897423518249,100.241024751245,5.013,36.0779981114259,9.09227485735853,NA,NA
"Switzerland","CHE",2022,1.72060833518621,3.30587567796489,102.744203027556,4.122,36.0779981114259,8.10046981875185,NA,NA
"Switzerland","CHE",2023,-0.541794294858562,0.81597054398695,103.795598867965,4.043,36.0779981114259,7.16499307488713,NA,NA
"Switzerland","CHE",2024,0,0,103.515711321531,4.60053333333333,36.0779981114259,5.95890505596451,3.83148410021378,8.08632601171525
"Switzerland","CHE",2025,0,0,102.414375767278,4.60053333333333,36.0779981114259,6.61732952329745,4.70601219188264,8.52864685471227
"Switzerland","CHE",2026,0,0,101.145597794318,4.60053333333333,36.0779981114259,7.37585807327813,5.60854598502159,9.14317016153468
"Switzerland","CHE",2027,0,0,100.224378120083,4.60053333333333,36.0779981114259,7.92660173261269,6.1779073496975,9.67529611552789
"Switzerland","CHE",2028,0,0,99.8810304810957,4.60053333333333,36.0779981114259,8.13186931471992,6.37055620307385,9.89318242636598
"Turkiye","TUR",2009,-6.12785740051382,-4.97720302045776,100,14.026,36.0779981114259,0.0546626944948101,NA,NA
"Turkiye","TUR",2010,6.79208232586733,9.13918589914084,107.009283602597,11.879,36.0779981114259,0.378520897165464,NA,NA
"Turkiye","TUR",2011,9.57986395820123,10.578326861308,115.784951326489,9.789,36.0779981114259,0.545252412912306,NA,NA
"Turkiye","TUR",2012,3.46121242479198,1.82977599026502,124.37928997851,9.21,36.0779981114259,0.713223373613531,NA,NA
"Turkiye","TUR",2013,7.10131954327058,6.16379573956141,132.190445829612,9.713,36.0779981114259,0.00927158200681022,NA,NA
"Turkiye","TUR",2014,3.53349204037028,1.74730597874304,141.958683461453,9.901,36.0779981114259,0.108143825544326,NA,NA
"Turkiye","TUR",2015,4.6785959933809,3.91064850060746,153.095224254072,10.304,36.0779981114259,0.34164832366192,NA,NA
"Turkiye","TUR",2016,1.94225845985372,2.39761273155543,165.542597900735,10.899,36.0779981114259,0.0245586167627386,NA,NA
"Turkiye","TUR",2017,6.11695888825578,4.56122686202865,183.723184042899,10.919,43.5,0.0542911082217004,NA,NA
"Turkiye","TUR",2018,1.62817585290497,-0.690341577020263,214.060064204913,10.956,42.4,0.12283109305969,NA,NA
"Turkiye","TUR",2019,-0.612629741080809,0.0627370607284803,243.745393522511,13.73,43.8,0.024526650370072,NA,NA
"Turkiye","TUR",2020,0.876219397794188,2.22925496072324,279.79373237886,13.148,43,0.429121271148724,NA,NA
"Turkiye","TUR",2021,10.4294060712136,14.3331972234751,360.858371794353,11.969,44.4,0.254476684820436,NA,NA
"Turkiye","TUR",2022,4.49945877235265,17.7341908857523,707.413034648407,10.465,36.0779981114259,1.20725638972806,NA,NA
"Turkiye","TUR",2023,4.6848743835486,13.1649709105936,1190.1087789362,9.388,36.0779981114259,0.677797016452307,NA,NA
"Turkiye","TUR",2024,3.90556206468667,7.37128769349566,1755.30962382592,10.5343585172602,36.0779981114259,-0.362641555196467,-1.27286545478646,0.54758234439353
"Turkiye","TUR",2025,3.90556206468667,5.27614275866517,2370.51074455923,11.1520463863058,36.0779981114259,-1.05206966631571,-2.45215764348399,0.348018310852574
"Turkiye","TUR",2026,3.90556206468667,5.27614275866517,3016.01335654819,11.1520463863058,36.0779981114259,-1.452717913738,-3.24437952237227,0.338943694896275
"Turkiye","TUR",2027,3.90556206468667,5.27614275866517,3679.87947467437,11.1520463863058,36.0779981114259,-1.86476395632604,-4.0623327826061,0.332804869954022
"Turkiye","TUR",2028,3.90556206468667,5.27614275866517,4354.87436381735,11.1520463863058,36.0779981114259,-2.28371736461799,-4.89577638985143,0.328341660615447
"United Kingdom","GBR",2009,-5.33927354099094,-3.61835368888421,91.0885534342902,7.683,35.1,2.98235435557844,NA,NA
"United Kingdom","GBR",2010,1.43505260821166,1.35664747868773,92.5360240493507,7.973,33.7,3.36118824527017,NA,NA
"United Kingdom","GBR",2011,0.351039904200462,-1.10788553875491,94.5681095244719,8.195,33.2,3.0592863995607,NA,NA
"United Kingdom","GBR",2012,0.805600757503271,1.01986903633005,96.0270525647513,8.279,33.1,2.98566573542053,NA,NA
"United Kingdom","GBR",2013,1.12040419562112,1.84941167124393,98.05268660462,7.752,32.7,2.9524219050145,NA,NA
"United Kingdom","GBR",2014,2.437437654793,1.9592509842562,99.3459059776941,6.398,33.1,3.33789995341049,NA,NA
"United Kingdom","GBR",2015,1.41610805149031,2.01846193546511,100,5.552,33.3,3.70984047492463,NA,NA
"United Kingdom","GBR",2016,1.15219111156168,2.89578948071849,101.964151336627,4.909,33.1,4.11489642658031,NA,NA
"United Kingdom","GBR",2017,1.96144650104486,1.13925889945705,103.855705647966,4.501,32.6,4.58555223398365,NA,NA
"United Kingdom","GBR",2018,0.792604468854293,1.34708742861474,105.850407233025,4.145,33.7,4.46085684086246,NA,NA
"United Kingdom","GBR",2019,1.0527939082916,0.517573702298549,108.108144992106,3.657,32.8,4.28058606287986,NA,NA
"United Kingdom","GBR",2020,-10.6244160168382,-13.5526176915285,113.480925771653,4.518,32.6,5.49280836882062,NA,NA
"United Kingdom","GBR",2021,8.66495150024396,7.52708915934448,113.556454843442,4.865,32.4,5.26821209214656,NA,NA
"United Kingdom","GBR",2022,3.65646079988994,3.80157756959873,119.738360136894,3.768,36.0779981114259,3.45389721556129,NA,NA
"United Kingdom","GBR",2023,-0.480663557904705,-0.52395198438785,128.477170748081,4.025,36.0779981114259,4.27244920798303,NA,NA
"United Kingdom","GBR",2024,0,0,137.215981359268,4.025,34.1317720123552,5.04662165641705,3.909605167189,6.1836381456451
"United Kingdom","GBR",2025,0,0,145.954791970455,4.025,33.6470885027233,5.4490907465469,3.96329109798578,6.93489039510801
"United Kingdom","GBR",2026,0,0,154.693602581642,4.025,33.6470885027233,5.69203017830146,3.90320777242455,7.48085258417837
"United Kingdom","GBR",2027,0,0,163.432413192829,4.025,33.6470885027233,5.93496961005602,3.83453701029686,8.03540220981519
"United Kingdom","GBR",2028,0,0,172.171223804015,4.025,33.6470885027233,6.17790904181059,3.76059749491482,8.59522058870636
"United States","USA",2009,-3.42683194254013,-2.16692121211666,90.998182538882,9.254,40.6,0.0341913215836268,NA,NA
"United States","USA",2010,1.8467404584986,1.0639810530654,92.1040713320202,9.633,40,0.0464558851182587,NA,NA
"United States","USA",2011,0.82892617390047,0.965076612397596,94.0042791549293,8.949,40.9,0.184032422650598,NA,NA
"United States","USA",2012,1.54146623449969,0.626433902686657,95.7547938722917,8.069,40.9,0.143309030145114,NA,NA
"United States","USA",2013,1.41274167855774,1.04150211442698,97.3844259036065,7.375,40.6,0.0166930557250545,NA,NA
"United States","USA",2014,1.77469980748791,2.07894438696701,99.0804906455533,6.168,41.5,0.0298375115990215,NA,NA
"United States","USA",2015,2.19043056582386,2.61429797442894,100,5.28,41.2,0.00101949357913391,NA,NA
"United States","USA",2016,1.08425738313417,1.71475132152308,100.950322479212,4.869,41.1,0.0220734539006328,NA,NA
"United States","USA",2017,1.8114763650572,1.99086280610112,102.75814417028,4.355,41.2,5.69253119311957e-05,NA,NA
"United States","USA",2018,2.42587721764475,2.20157818243626,105.112220503843,3.896,41.4,0.0849085694851301,NA,NA
"United States","USA",2019,2.11773982573379,1.6831671795388,106.847061617325,3.669,41.5,0.0347345002096285,NA,NA
"United States","USA",2020,-3.10649046252769,-3.47363766788416,108.266880351916,8.055,39.7,0.00387386502947239,NA,NA
"United States","USA",2021,5.88831426529379,8.60085013386693,113.210330412923,5.349,39.7,0.579822088306302,NA,NA
"United States","USA",2022,2.13636162986278,2.65819796979562,121.281639244701,3.65,41.3,1.76080489718846,NA,NA
"United States","USA",2023,2.38266938077211,2.02705959799981,125.645827265005,3.638,36.0779981114259,0.550326391240676,NA,NA
"United States","USA",2024,1.39389190541302,1.57507629035112,130.01001528531,3.638,40.5118665407612,1.68086625551962,1.05711502874833,2.30461748229091
"United States","USA",2025,1.39389190541302,1.57507629035112,134.374203305615,3.638,40.5118665407612,1.99385507921099,1.2942606387747,2.69344951964728
"United States","USA",2026,1.39389190541302,1.57507629035112,138.738391325919,3.638,40.5118665407612,2.30684390290235,1.52483832399469,3.08884948181002
"United States","USA",2027,1.39389190541302,1.57507629035112,143.102579346224,3.638,40.5118665407612,2.61983272659372,1.75071442281757,3.48895103036987
"United States","USA",2028,1.39389190541302,1.57507629035112,147.466767366529,3.638,40.5118665407612,2.93282155028509,1.9731684449197,3.89247465565048
